Year-Month,ZIP CODE,Median Sales
2018-11,10001.0,1476348.0
2018-11,10002.0,1056000.0
2018-11,10003.0,1077500.0
2018-11,10004.0,2640000.0
2018-11,10005.0,1050000.0
2018-11,10006.0,740000.0
2018-11,10007.0,6100000.0
2018-11,10009.0,1045000.0
2018-11,10010.0,2100000.0
2018-11,10011.0,950000.0
2018-11,10012.0,1335000.0
2018-11,10013.0,5675093.5
2018-11,10014.0,2925000.0
2018-11,10016.0,999000.0
2018-11,10017.0,1079500.0
2018-11,10018.0,3700000.0
2018-11,10019.0,1057500.0
2018-11,10021.0,960000.0
2018-11,10022.0,1500000.0
2018-11,10023.0,1200000.0
2018-11,10024.0,1200000.0
2018-11,10025.0,852756.0
2018-11,10026.0,715000.0
2018-11,10027.0,1260000.0
2018-11,10028.0,955000.0
2018-11,10029.0,323553.5
2018-11,10030.0,679995.0
2018-11,10031.0,752500.0
2018-11,10032.0,3332000.0
2018-11,10033.0,630000.0
2018-11,10034.0,605000.0
2018-11,10035.0,549000.0
2018-11,10036.0,467500.0
2018-11,10037.0,430685.0
2018-11,10038.0,1135000.0
2018-11,10039.0,575000.0
2018-11,10040.0,539845.5
2018-11,10044.0,1250000.0
2018-11,10065.0,2125000.0
2018-11,10069.0,1800000.0
2018-11,10075.0,652500.0
2018-11,10128.0,1225000.0
2018-11,10280.0,1000000.0
2018-11,10282.0,2000000.0
2018-11,10301.0,575000.0
2018-11,10302.0,480155.0
2018-11,10303.0,350000.0
2018-11,10304.0,397206.0
2018-11,10305.0,528000.0
2018-11,10306.0,548000.0
2018-11,10307.0,765000.0
2018-11,10308.0,532179.0
2018-11,10309.0,574423.5
2018-11,10310.0,529194.0
2018-11,10312.0,610000.0
2018-11,10314.0,577500.0
2018-11,10451.0,389341.5
2018-11,10452.0,399500.0
2018-11,10453.0,577000.0
2018-11,10454.0,630000.0
2018-11,10455.0,949500.0
2018-11,10456.0,562500.0
2018-11,10457.0,679000.0
2018-11,10458.0,745000.0
2018-11,10459.0,475000.0
2018-11,10460.0,406000.0
2018-11,10461.0,520000.0
2018-11,10462.0,160000.0
2018-11,10463.0,325000.0
2018-11,10464.0,531318.0
2018-11,10465.0,540000.0
2018-11,10466.0,485000.0
2018-11,10467.0,550000.0
2018-11,10468.0,240000.0
2018-11,10469.0,465000.0
2018-11,10470.0,351351.0
2018-11,10471.0,315048.0
2018-11,10472.0,670000.0
2018-11,10473.0,439000.0
2018-11,10474.0,395460.0
2018-11,10475.0,487000.0
2018-11,11001.0,693000.0
2018-11,11004.0,384950.0
2018-11,11005.0,480000.0
2018-11,11040.0,285000.0
2018-11,11101.0,820000.0
2018-11,11102.0,1655000.0
2018-11,11103.0,1187500.0
2018-11,11104.0,461370.0
2018-11,11105.0,987000.0
2018-11,11106.0,679398.5
2018-11,11201.0,835000.0
2018-11,11203.0,497500.0
2018-11,11204.0,686300.5
2018-11,11205.0,1195000.0
2018-11,11206.0,735991.0
2018-11,11207.0,580000.0
2018-11,11208.0,570000.0
2018-11,11209.0,715000.0
2018-11,11210.0,642500.0
2018-11,11211.0,795000.0
2018-11,11212.0,700750.0
2018-11,11213.0,1160000.0
2018-11,11214.0,820000.0
2018-11,11215.0,1309070.0
2018-11,11216.0,999999.0
2018-11,11217.0,1504000.0
2018-11,11218.0,915000.0
2018-11,11219.0,1275000.0
2018-11,11220.0,1108000.0
2018-11,11221.0,999000.0
2018-11,11222.0,1200000.0
2018-11,11223.0,993896.5
2018-11,11224.0,420000.0
2018-11,11225.0,888500.0
2018-11,11226.0,985000.0
2018-11,11228.0,887500.0
2018-11,11229.0,658935.0
2018-11,11230.0,649115.5
2018-11,11231.0,2887500.0
2018-11,11232.0,1427500.0
2018-11,11233.0,850000.0
2018-11,11234.0,617500.0
2018-11,11235.0,414250.0
2018-11,11236.0,551000.0
2018-11,11237.0,1500000.0
2018-11,11238.0,1220881.0
2018-11,11239.0,214915.0
2018-11,11249.0,609000.0
2018-11,11354.0,743343.5
2018-11,11355.0,441825.0
2018-11,11356.0,827500.0
2018-11,11357.0,830000.0
2018-11,11358.0,986500.0
2018-11,11360.0,506500.0
2018-11,11361.0,590000.0
2018-11,11362.0,365000.0
2018-11,11363.0,750000.0
2018-11,11364.0,337000.0
2018-11,11365.0,888000.0
2018-11,11366.0,910000.0
2018-11,11367.0,340221.0
2018-11,11368.0,559000.0
2018-11,11369.0,793000.0
2018-11,11370.0,597500.0
2018-11,11372.0,430000.0
2018-11,11373.0,499500.0
2018-11,11374.0,580000.0
2018-11,11375.0,365000.0
2018-11,11377.0,560693.0
2018-11,11378.0,828000.0
2018-11,11379.0,870000.0
2018-11,11385.0,660000.0
2018-11,11411.0,454950.0
2018-11,11412.0,498200.0
2018-11,11413.0,505750.0
2018-11,11414.0,477000.0
2018-11,11415.0,279000.0
2018-11,11416.0,650000.0
2018-11,11417.0,611250.0
2018-11,11418.0,514000.0
2018-11,11419.0,570000.0
2018-11,11420.0,517700.0
2018-11,11421.0,615000.0
2018-11,11422.0,440000.0
2018-11,11423.0,500000.0
2018-11,11426.0,595750.0
2018-11,11427.0,520000.0
2018-11,11428.0,531000.0
2018-11,11429.0,470000.0
2018-11,11432.0,400000.0
2018-11,11433.0,465000.0
2018-11,11434.0,510000.0
2018-11,11435.0,448750.0
2018-11,11436.0,489000.0
2018-11,11691.0,400000.0
2018-11,11692.0,415300.0
2018-11,11693.0,223080.0
2018-11,11694.0,687000.0
2018-11,11697.0,485000.0
2018-12,10001.0,2035000.0
2018-12,10002.0,1375000.0
2018-12,10003.0,995000.0
2018-12,10004.0,956000.0
2018-12,10005.0,1609134.0
2018-12,10006.0,798000.0
2018-12,10007.0,7738700.0
2018-12,10009.0,1986075.0
2018-12,10010.0,1800000.0
2018-12,10011.0,915000.0
2018-12,10012.0,2995000.0
2018-12,10013.0,4553500.0
2018-12,10014.0,950000.0
2018-12,10016.0,875428.0
2018-12,10017.0,581500.0
2018-12,10018.0,3565000.0
2018-12,10019.0,650000.0
2018-12,10021.0,977500.0
2018-12,10022.0,2109345.5
2018-12,10023.0,1120000.0
2018-12,10024.0,1512500.0
2018-12,10025.0,1133500.0
2018-12,10026.0,3500000.0
2018-12,10027.0,2900000.0
2018-12,10028.0,1200000.0
2018-12,10029.0,4810500.0
2018-12,10030.0,19250000.0
2018-12,10031.0,548463.5
2018-12,10032.0,601296.0
2018-12,10033.0,585000.0
2018-12,10034.0,399000.0
2018-12,10035.0,9251897.0
2018-12,10036.0,2388000.0
2018-12,10037.0,426337.0
2018-12,10038.0,1065000.0
2018-12,10039.0,2402500.0
2018-12,10040.0,381450.0
2018-12,10044.0,700287.5
2018-12,10065.0,1457500.0
2018-12,10069.0,1412500.0
2018-12,10075.0,805000.0
2018-12,10128.0,1360000.0
2018-12,10280.0,1313628.0
2018-12,10301.0,620000.0
2018-12,10302.0,479000.0
2018-12,10303.0,315750.0
2018-12,10304.0,437500.0
2018-12,10305.0,547500.0
2018-12,10306.0,577981.0
2018-12,10307.0,789000.0
2018-12,10308.0,612500.0
2018-12,10309.0,600000.0
2018-12,10310.0,494000.0
2018-12,10312.0,585000.0
2018-12,10314.0,499900.0
2018-12,10451.0,425000.0
2018-12,10452.0,601250.0
2018-12,10453.0,970000.0
2018-12,10454.0,825000.0
2018-12,10455.0,1700000.0
2018-12,10456.0,400000.0
2018-12,10457.0,745000.0
2018-12,10458.0,547153.5
2018-12,10459.0,335037.0
2018-12,10460.0,730000.0
2018-12,10461.0,615000.0
2018-12,10462.0,179950.0
2018-12,10463.0,397500.0
2018-12,10464.0,580250.0
2018-12,10465.0,502500.0
2018-12,10466.0,442500.0
2018-12,10467.0,390000.0
2018-12,10468.0,925000.0
2018-12,10469.0,526500.0
2018-12,10470.0,267500.0
2018-12,10471.0,315000.0
2018-12,10472.0,509640.0
2018-12,10473.0,455000.0
2018-12,10474.0,1100000.0
2018-12,10475.0,445000.0
2018-12,11001.0,582000.0
2018-12,11004.0,600000.0
2018-12,11005.0,499000.0
2018-12,11040.0,650000.0
2018-12,11101.0,1110000.0
2018-12,11102.0,696302.0
2018-12,11103.0,665000.0
2018-12,11104.0,905000.0
2018-12,11105.0,960000.0
2018-12,11106.0,570000.0
2018-12,11109.0,750000.0
2018-12,11201.0,1389000.0
2018-12,11203.0,544000.0
2018-12,11204.0,710000.0
2018-12,11205.0,821500.0
2018-12,11206.0,730210.0
2018-12,11207.0,500000.0
2018-12,11208.0,575000.0
2018-12,11209.0,950000.0
2018-12,11210.0,564500.0
2018-12,11211.0,1095000.0
2018-12,11212.0,580000.0
2018-12,11213.0,620000.0
2018-12,11214.0,700000.0
2018-12,11215.0,1310000.0
2018-12,11216.0,987499.5
2018-12,11217.0,1492500.0
2018-12,11218.0,1175000.0
2018-12,11219.0,1177500.0
2018-12,11220.0,999000.0
2018-12,11221.0,915407.0
2018-12,11222.0,875000.0
2018-12,11223.0,994500.0
2018-12,11224.0,520000.0
2018-12,11225.0,738231.0
2018-12,11226.0,757500.0
2018-12,11228.0,948000.0
2018-12,11229.0,470000.0
2018-12,11230.0,1175000.0
2018-12,11231.0,2247500.0
2018-12,11232.0,1417500.0
2018-12,11233.0,975000.0
2018-12,11234.0,697000.0
2018-12,11235.0,562500.0
2018-12,11236.0,567500.0
2018-12,11237.0,962750.0
2018-12,11238.0,1100000.0
2018-12,11249.0,999000.0
2018-12,11354.0,505000.0
2018-12,11355.0,554832.0
2018-12,11356.0,860000.0
2018-12,11357.0,910000.0
2018-12,11358.0,770000.0
2018-12,11360.0,535000.0
2018-12,11361.0,805000.0
2018-12,11362.0,515000.0
2018-12,11363.0,682500.0
2018-12,11364.0,722500.0
2018-12,11365.0,825000.0
2018-12,11366.0,861000.0
2018-12,11367.0,313500.0
2018-12,11368.0,685000.0
2018-12,11369.0,560000.0
2018-12,11370.0,655000.0
2018-12,11372.0,377500.0
2018-12,11373.0,628000.0
2018-12,11374.0,492000.0
2018-12,11375.0,429000.0
2018-12,11377.0,886500.0
2018-12,11378.0,725000.0
2018-12,11379.0,854000.0
2018-12,11385.0,670000.0
2018-12,11411.0,510000.0
2018-12,11412.0,450000.0
2018-12,11413.0,495000.0
2018-12,11414.0,299999.0
2018-12,11415.0,326500.0
2018-12,11416.0,661485.5
2018-12,11417.0,555500.0
2018-12,11418.0,675000.0
2018-12,11419.0,590000.0
2018-12,11420.0,580000.0
2018-12,11421.0,695000.0
2018-12,11422.0,539900.0
2018-12,11423.0,605000.0
2018-12,11426.0,585000.0
2018-12,11427.0,617000.0
2018-12,11428.0,571750.0
2018-12,11429.0,528500.0
2018-12,11432.0,710000.0
2018-12,11433.0,462000.0
2018-12,11434.0,510000.0
2018-12,11435.0,264000.0
2018-12,11436.0,504350.0
2018-12,11691.0,500629.0
2018-12,11692.0,590000.0
2018-12,11693.0,323500.0
2018-12,11694.0,600000.0
2018-12,11697.0,324500.0
2019-01,10001.0,1513688.0
2019-01,10002.0,1237906.5
2019-01,10003.0,1825000.0
2019-01,10004.0,850000.0
2019-01,10005.0,1348500.0
2019-01,10006.0,1085465.0
2019-01,10007.0,4400000.0
2019-01,10009.0,438000.0
2019-01,10010.0,840000.0
2019-01,10011.0,1100000.0
2019-01,10012.0,3609828.0
2019-01,10013.0,4072000.0
2019-01,10014.0,975000.0
2019-01,10016.0,860000.0
2019-01,10017.0,765000.0
2019-01,10018.0,2650000.0
2019-01,10019.0,1140500.0
2019-01,10021.0,810000.0
2019-01,10022.0,1425000.0
2019-01,10023.0,999000.0
2019-01,10024.0,1120155.5
2019-01,10025.0,895000.0
2019-01,10026.0,700000.0
2019-01,10027.0,1118250.0
2019-01,10028.0,946990.0
2019-01,10029.0,1286500.0
2019-01,10030.0,1790000.0
2019-01,10031.0,610000.0
2019-01,10032.0,460500.0
2019-01,10033.0,450000.0
2019-01,10034.0,399500.0
2019-01,10035.0,589000.0
2019-01,10036.0,1100000.0
2019-01,10037.0,490000.0
2019-01,10038.0,1154750.0
2019-01,10039.0,439000.0
2019-01,10040.0,463000.0
2019-01,10044.0,524728.0
2019-01,10065.0,1545000.0
2019-01,10069.0,1350000.0
2019-01,10075.0,864500.0
2019-01,10105.0,24275000.0
2019-01,10128.0,795000.0
2019-01,10280.0,940500.0
2019-01,10301.0,465000.0
2019-01,10302.0,472770.5
2019-01,10303.0,395160.0
2019-01,10304.0,500000.0
2019-01,10305.0,572500.0
2019-01,10306.0,547450.0
2019-01,10307.0,450000.0
2019-01,10308.0,525000.0
2019-01,10309.0,649624.0
2019-01,10310.0,453124.0
2019-01,10312.0,581250.0
2019-01,10314.0,481500.0
2019-01,10451.0,300250.0
2019-01,10452.0,435000.0
2019-01,10453.0,465000.0
2019-01,10454.0,678500.0
2019-01,10455.0,613500.0
2019-01,10456.0,407500.0
2019-01,10457.0,685000.0
2019-01,10458.0,1500000.0
2019-01,10459.0,525000.0
2019-01,10460.0,700000.0
2019-01,10461.0,565000.0
2019-01,10462.0,233000.0
2019-01,10463.0,293000.0
2019-01,10464.0,375000.0
2019-01,10465.0,508402.0
2019-01,10466.0,550000.0
2019-01,10467.0,374600.0
2019-01,10468.0,195000.0
2019-01,10469.0,475000.0
2019-01,10470.0,260000.0
2019-01,10471.0,295000.0
2019-01,10472.0,685000.0
2019-01,10473.0,385500.0
2019-01,10474.0,900000.0
2019-01,10475.0,350000.0
2019-01,11001.0,586000.0
2019-01,11004.0,385000.0
2019-01,11005.0,410000.0
2019-01,11040.0,605000.0
2019-01,11101.0,1220464.5
2019-01,11102.0,650000.0
2019-01,11103.0,730000.0
2019-01,11104.0,1152500.0
2019-01,11105.0,1260000.0
2019-01,11106.0,710000.0
2019-01,11109.0,1250000.0
2019-01,11201.0,825000.0
2019-01,11203.0,612975.0
2019-01,11204.0,977500.0
2019-01,11205.0,965000.0
2019-01,11206.0,919480.0
2019-01,11207.0,497250.0
2019-01,11208.0,525000.0
2019-01,11209.0,577500.0
2019-01,11210.0,631944.0
2019-01,11211.0,1250000.0
2019-01,11212.0,612500.0
2019-01,11213.0,672500.0
2019-01,11214.0,810000.0
2019-01,11215.0,1521250.0
2019-01,11216.0,1076944.5
2019-01,11217.0,1785000.0
2019-01,11218.0,675000.0
2019-01,11219.0,1240000.0
2019-01,11220.0,780000.0
2019-01,11221.0,815000.0
2019-01,11222.0,1528277.0
2019-01,11223.0,887500.0
2019-01,11224.0,375000.0
2019-01,11225.0,700000.0
2019-01,11226.0,650000.0
2019-01,11227.0,1200000.0
2019-01,11228.0,982500.0
2019-01,11229.0,615000.0
2019-01,11230.0,738231.0
2019-01,11231.0,1750000.0
2019-01,11232.0,1250000.0
2019-01,11233.0,842500.0
2019-01,11234.0,594500.0
2019-01,11235.0,450000.0
2019-01,11236.0,468000.0
2019-01,11237.0,2000000.0
2019-01,11238.0,1463868.0
2019-01,11249.0,1315000.0
2019-01,11354.0,734927.0
2019-01,11355.0,391476.0
2019-01,11356.0,872944.0
2019-01,11357.0,885000.0
2019-01,11358.0,825000.0
2019-01,11360.0,470000.0
2019-01,11361.0,700000.0
2019-01,11362.0,721000.0
2019-01,11363.0,340000.0
2019-01,11364.0,358800.0
2019-01,11365.0,775000.0
2019-01,11366.0,932500.0
2019-01,11367.0,325000.0
2019-01,11368.0,600000.0
2019-01,11369.0,770000.0
2019-01,11370.0,830000.0
2019-01,11372.0,357500.0
2019-01,11373.0,739000.0
2019-01,11374.0,355000.0
2019-01,11375.0,489000.0
2019-01,11377.0,536109.0
2019-01,11378.0,790000.0
2019-01,11379.0,679500.0
2019-01,11385.0,720000.0
2019-01,11411.0,436800.0
2019-01,11412.0,462500.0
2019-01,11413.0,532000.0
2019-01,11414.0,448000.0
2019-01,11415.0,265000.0
2019-01,11416.0,519000.0
2019-01,11417.0,554500.0
2019-01,11418.0,630000.0
2019-01,11419.0,507500.0
2019-01,11420.0,590000.0
2019-01,11421.0,600000.0
2019-01,11422.0,522500.0
2019-01,11423.0,762500.0
2019-01,11426.0,317500.0
2019-01,11427.0,227000.0
2019-01,11428.0,603500.0
2019-01,11429.0,485000.0
2019-01,11432.0,740000.0
2019-01,11433.0,467500.0
2019-01,11434.0,443000.0
2019-01,11435.0,450000.0
2019-01,11436.0,405000.0
2019-01,11691.0,550000.0
2019-01,11692.0,382621.0
2019-01,11693.0,220999.5
2019-01,11694.0,210000.0
2019-01,11697.0,367500.0
2019-02,10001.0,2409366.0
2019-02,10002.0,1045000.0
2019-02,10003.0,1086250.0
2019-02,10004.0,1350000.0
2019-02,10005.0,1085019.0
2019-02,10006.0,920000.0
2019-02,10007.0,3800000.0
2019-02,10009.0,1500000.0
2019-02,10010.0,1737500.0
2019-02,10011.0,1332500.0
2019-02,10012.0,2850000.0
2019-02,10013.0,8387500.0
2019-02,10014.0,1325000.0
2019-02,10016.0,847500.0
2019-02,10017.0,819000.0
2019-02,10018.0,3882500.0
2019-02,10019.0,1240500.0
2019-02,10021.0,1525000.0
2019-02,10022.0,1432500.0
2019-02,10023.0,1049999.5
2019-02,10024.0,1640000.0
2019-02,10025.0,1021000.0
2019-02,10026.0,819500.0
2019-02,10027.0,907500.0
2019-02,10028.0,805000.0
2019-02,10029.0,670000.0
2019-02,10031.0,375000.0
2019-02,10032.0,318977.0
2019-02,10033.0,570000.0
2019-02,10034.0,499000.0
2019-02,10035.0,1700000.0
2019-02,10036.0,1335000.0
2019-02,10037.0,252500.0
2019-02,10038.0,1622629.5
2019-02,10039.0,510000.0
2019-02,10040.0,525000.0
2019-02,10065.0,1540000.0
2019-02,10069.0,1800000.0
2019-02,10075.0,2147537.5
2019-02,10128.0,1900000.0
2019-02,10280.0,1267500.0
2019-02,10282.0,2495000.0
2019-02,10301.0,535500.0
2019-02,10302.0,522153.0
2019-02,10303.0,402600.0
2019-02,10304.0,494706.0
2019-02,10305.0,640000.0
2019-02,10306.0,539000.0
2019-02,10307.0,575000.0
2019-02,10308.0,605000.0
2019-02,10309.0,568960.0
2019-02,10310.0,490000.0
2019-02,10312.0,520750.0
2019-02,10314.0,468000.0
2019-02,10451.0,493818.0
2019-02,10452.0,3900000.0
2019-02,10453.0,605000.0
2019-02,10454.0,907000.0
2019-02,10455.0,695000.0
2019-02,10456.0,397500.0
2019-02,10457.0,585000.0
2019-02,10458.0,846319.0
2019-02,10459.0,500000.0
2019-02,10460.0,570000.0
2019-02,10461.0,485750.0
2019-02,10462.0,309414.0
2019-02,10463.0,305000.0
2019-02,10464.0,380000.0
2019-02,10465.0,529000.0
2019-02,10466.0,467500.0
2019-02,10467.0,405000.0
2019-02,10468.0,297500.0
2019-02,10469.0,496460.0
2019-02,10470.0,685000.0
2019-02,10471.0,225000.0
2019-02,10472.0,650000.0
2019-02,10473.0,499999.0
2019-02,10474.0,775000.0
2019-02,10475.0,725000.0
2019-02,11004.0,680000.0
2019-02,11005.0,290000.0
2019-02,11040.0,645000.0
2019-02,11101.0,1068593.0
2019-02,11102.0,650885.5
2019-02,11103.0,1090000.0
2019-02,11104.0,417500.0
2019-02,11105.0,1200000.0
2019-02,11106.0,640000.0
2019-02,11109.0,1743000.0
2019-02,11201.0,850000.0
2019-02,11203.0,622500.0
2019-02,11204.0,925000.0
2019-02,11205.0,925000.0
2019-02,11206.0,679376.0
2019-02,11207.0,585494.0
2019-02,11208.0,660000.0
2019-02,11209.0,410000.0
2019-02,11210.0,635000.0
2019-02,11211.0,1359500.0
2019-02,11212.0,643000.0
2019-02,11213.0,827500.0
2019-02,11214.0,705000.0
2019-02,11215.0,1150000.0
2019-02,11216.0,1480000.0
2019-02,11217.0,1340000.0
2019-02,11218.0,727500.0
2019-02,11219.0,912500.0
2019-02,11220.0,750000.0
2019-02,11221.0,835000.0
2019-02,11222.0,952500.0
2019-02,11223.0,850000.0
2019-02,11224.0,495000.0
2019-02,11225.0,644500.0
2019-02,11226.0,649000.0
2019-02,11228.0,895000.0
2019-02,11229.0,699115.5
2019-02,11230.0,999500.0
2019-02,11231.0,2351250.0
2019-02,11232.0,1125000.0
2019-02,11233.0,660000.0
2019-02,11234.0,591000.0
2019-02,11235.0,524250.0
2019-02,11236.0,586265.0
2019-02,11237.0,1250000.0
2019-02,11238.0,1200000.0
2019-02,11249.0,1324577.0
2019-02,11354.0,325469.0
2019-02,11355.0,512500.0
2019-02,11356.0,904500.0
2019-02,11357.0,832500.0
2019-02,11358.0,800000.0
2019-02,11360.0,695000.0
2019-02,11361.0,686419.5
2019-02,11362.0,330000.0
2019-02,11363.0,777839.0
2019-02,11364.0,322500.0
2019-02,11365.0,603313.0
2019-02,11366.0,720000.0
2019-02,11367.0,398000.0
2019-02,11368.0,830000.0
2019-02,11369.0,669000.0
2019-02,11370.0,787000.0
2019-02,11372.0,461839.0
2019-02,11373.0,525000.0
2019-02,11374.0,425000.0
2019-02,11375.0,494500.0
2019-02,11377.0,535000.0
2019-02,11378.0,937500.0
2019-02,11379.0,667500.0
2019-02,11385.0,950000.0
2019-02,11411.0,440000.0
2019-02,11412.0,499685.0
2019-02,11413.0,490500.0
2019-02,11414.0,260000.0
2019-02,11415.0,278850.0
2019-02,11416.0,702500.0
2019-02,11417.0,530000.0
2019-02,11418.0,750000.0
2019-02,11419.0,645000.0
2019-02,11420.0,570000.0
2019-02,11421.0,567500.0
2019-02,11422.0,475000.0
2019-02,11423.0,673000.0
2019-02,11426.0,612500.0
2019-02,11427.0,480000.0
2019-02,11428.0,587500.0
2019-02,11429.0,537500.0
2019-02,11432.0,564500.0
2019-02,11433.0,450000.0
2019-02,11434.0,463500.0
2019-02,11435.0,487500.0
2019-02,11436.0,507500.0
2019-02,11691.0,358105.5
2019-02,11692.0,515000.0
2019-02,11693.0,275000.0
2019-02,11694.0,525000.0
2019-03,10001.0,2483689.0
2019-03,10002.0,1258993.0
2019-03,10003.0,1435000.0
2019-03,10004.0,1025005.0
2019-03,10005.0,1495000.0
2019-03,10006.0,534517.5
2019-03,10007.0,3487506.0
2019-03,10009.0,1077500.0
2019-03,10010.0,1277182.0
2019-03,10011.0,1505000.0
2019-03,10012.0,2800000.0
2019-03,10013.0,3350000.0
2019-03,10014.0,1203387.5
2019-03,10016.0,1431250.0
2019-03,10017.0,585000.0
2019-03,10018.0,5203258.0
2019-03,10019.0,1200000.0
2019-03,10021.0,1042500.0
2019-03,10022.0,947500.0
2019-03,10023.0,922500.0
2019-03,10024.0,1620357.0
2019-03,10025.0,860338.0
2019-03,10026.0,860000.0
2019-03,10027.0,999999.0
2019-03,10028.0,1150000.0
2019-03,10029.0,690500.0
2019-03,10030.0,530000.0
2019-03,10031.0,1200134.0
2019-03,10032.0,730000.0
2019-03,10033.0,641373.0
2019-03,10034.0,360000.0
2019-03,10035.0,559000.0
2019-03,10036.0,1237500.0
2019-03,10037.0,950000.0
2019-03,10038.0,1172500.0
2019-03,10039.0,725000.0
2019-03,10040.0,420000.0
2019-03,10044.0,1237500.0
2019-03,10065.0,1830000.0
2019-03,10069.0,1750000.0
2019-03,10075.0,1075000.0
2019-03,10128.0,1325000.0
2019-03,10280.0,496860.0
2019-03,10282.0,3277000.0
2019-03,10301.0,585000.0
2019-03,10302.0,385000.0
2019-03,10303.0,378750.0
2019-03,10304.0,465000.0
2019-03,10305.0,495000.0
2019-03,10306.0,505292.5
2019-03,10307.0,566250.0
2019-03,10308.0,550000.0
2019-03,10309.0,633750.0
2019-03,10310.0,359660.0
2019-03,10312.0,570000.0
2019-03,10314.0,477500.0
2019-03,10451.0,298296.0
2019-03,10452.0,260000.0
2019-03,10453.0,682500.0
2019-03,10454.0,837500.0
2019-03,10455.0,401772.5
2019-03,10456.0,459000.0
2019-03,10457.0,500000.0
2019-03,10458.0,500000.0
2019-03,10459.0,390000.0
2019-03,10460.0,600000.0
2019-03,10461.0,580000.0
2019-03,10462.0,175000.0
2019-03,10463.0,325000.0
2019-03,10464.0,335000.0
2019-03,10465.0,465500.0
2019-03,10466.0,425000.0
2019-03,10467.0,347500.0
2019-03,10468.0,166000.0
2019-03,10469.0,510000.0
2019-03,10470.0,297500.0
2019-03,10471.0,232913.5
2019-03,10472.0,680000.0
2019-03,10473.0,427000.0
2019-03,10474.0,710000.0
2019-03,11001.0,650000.0
2019-03,11004.0,469950.0
2019-03,11005.0,410000.0
2019-03,11040.0,860000.0
2019-03,11101.0,1375000.0
2019-03,11102.0,639897.0
2019-03,11103.0,1047500.0
2019-03,11104.0,518999.5
2019-03,11105.0,954500.0
2019-03,11106.0,1095000.0
2019-03,11109.0,530000.0
2019-03,11201.0,1075000.0
2019-03,11203.0,675343.0
2019-03,11204.0,896060.0
2019-03,11205.0,895948.5
2019-03,11206.0,1350000.0
2019-03,11207.0,485000.0
2019-03,11208.0,592500.0
2019-03,11209.0,753505.5
2019-03,11210.0,809500.0
2019-03,11211.0,960000.0
2019-03,11212.0,610250.0
2019-03,11213.0,350000.0
2019-03,11214.0,630000.0
2019-03,11215.0,1171703.0
2019-03,11216.0,1045000.0
2019-03,11217.0,1352922.0
2019-03,11218.0,825000.0
2019-03,11219.0,780000.0
2019-03,11220.0,1265000.0
2019-03,11221.0,1275000.0
2019-03,11222.0,1395003.0
2019-03,11223.0,990000.0
2019-03,11224.0,483750.0
2019-03,11225.0,1040000.0
2019-03,11226.0,614260.5
2019-03,11228.0,950000.0
2019-03,11229.0,690000.0
2019-03,11230.0,546546.0
2019-03,11231.0,1900000.0
2019-03,11232.0,612500.0
2019-03,11233.0,720000.0
2019-03,11234.0,600000.0
2019-03,11235.0,319740.0
2019-03,11236.0,530000.0
2019-03,11237.0,1332500.0
2019-03,11238.0,1080000.0
2019-03,11249.0,1397197.0
2019-03,11354.0,521256.0
2019-03,11355.0,510000.0
2019-03,11356.0,755000.0
2019-03,11357.0,645000.0
2019-03,11358.0,851500.0
2019-03,11360.0,439000.0
2019-03,11361.0,665000.0
2019-03,11362.0,360000.0
2019-03,11363.0,892500.0
2019-03,11364.0,725000.0
2019-03,11365.0,592747.0
2019-03,11366.0,740000.0
2019-03,11367.0,250000.0
2019-03,11368.0,750000.0
2019-03,11369.0,735000.0
2019-03,11370.0,870000.0
2019-03,11372.0,418335.0
2019-03,11373.0,491496.0
2019-03,11374.0,369815.5
2019-03,11375.0,417500.0
2019-03,11377.0,532500.0
2019-03,11378.0,829000.0
2019-03,11379.0,732500.0
2019-03,11385.0,860000.0
2019-03,11411.0,381578.0
2019-03,11412.0,412600.0
2019-03,11413.0,505000.0
2019-03,11414.0,400000.0
2019-03,11415.0,335000.0
2019-03,11416.0,566250.0
2019-03,11417.0,673500.0
2019-03,11418.0,600000.0
2019-03,11419.0,670000.0
2019-03,11420.0,525000.0
2019-03,11421.0,677500.0
2019-03,11422.0,565000.0
2019-03,11423.0,701083.0
2019-03,11426.0,677500.0
2019-03,11427.0,451410.5
2019-03,11428.0,572500.0
2019-03,11429.0,479000.0
2019-03,11432.0,762500.0
2019-03,11433.0,446000.0
2019-03,11434.0,435000.0
2019-03,11435.0,465000.0
2019-03,11436.0,498000.0
2019-03,11691.0,515799.5
2019-03,11692.0,367900.0
2019-03,11693.0,455286.0
2019-03,11694.0,597444.0
2019-04,10001.0,2771844.5
2019-04,10002.0,1266630.0
2019-04,10003.0,1900000.0
2019-04,10004.0,2600000.0
2019-04,10005.0,1145000.0
2019-04,10006.0,653705.0
2019-04,10007.0,3340000.0
2019-04,10009.0,560000.0
2019-04,10010.0,1486645.0
2019-04,10011.0,1550000.0
2019-04,10012.0,1600000.0
2019-04,10013.0,2625000.0
2019-04,10014.0,1642500.0
2019-04,10016.0,1040000.0
2019-04,10017.0,685000.0
2019-04,10018.0,890000.0
2019-04,10019.0,1787500.0
2019-04,10021.0,1112355.0
2019-04,10022.0,1062500.0
2019-04,10023.0,860000.0
2019-04,10024.0,1800600.5
2019-04,10025.0,1437500.0
2019-04,10026.0,1400000.0
2019-04,10027.0,473500.0
2019-04,10028.0,1325000.0
2019-04,10029.0,385000.0
2019-04,10030.0,845000.0
2019-04,10031.0,481735.5
2019-04,10032.0,675000.0
2019-04,10033.0,974822.0
2019-04,10034.0,582500.0
2019-04,10035.0,792500.0
2019-04,10036.0,735000.0
2019-04,10037.0,595000.0
2019-04,10038.0,785000.0
2019-04,10039.0,800000.0
2019-04,10040.0,555000.0
2019-04,10044.0,998000.0
2019-04,10065.0,1350000.0
2019-04,10069.0,1055000.0
2019-04,10075.0,1136367.0
2019-04,10128.0,1430000.0
2019-04,10280.0,960000.0
2019-04,10282.0,4800000.0
2019-04,10301.0,365000.0
2019-04,10302.0,345000.0
2019-04,10303.0,300000.0
2019-04,10304.0,450000.0
2019-04,10305.0,509000.0
2019-04,10306.0,493499.5
2019-04,10307.0,482000.0
2019-04,10308.0,525000.0
2019-04,10309.0,628198.0
2019-04,10310.0,576536.5
2019-04,10312.0,563021.0
2019-04,10314.0,537500.0
2019-04,10451.0,465000.0
2019-04,10452.0,697500.0
2019-04,10453.0,480000.0
2019-04,10454.0,1402500.0
2019-04,10455.0,2500000.0
2019-04,10456.0,800000.0
2019-04,10457.0,750000.0
2019-04,10458.0,807300.0
2019-04,10459.0,506520.0
2019-04,10460.0,675000.0
2019-04,10461.0,669500.0
2019-04,10462.0,225000.0
2019-04,10463.0,236250.0
2019-04,10464.0,542500.0
2019-04,10465.0,427500.0
2019-04,10466.0,490000.0
2019-04,10467.0,450000.0
2019-04,10468.0,260000.0
2019-04,10469.0,530000.0
2019-04,10470.0,615000.0
2019-04,10471.0,320000.0
2019-04,10472.0,547500.0
2019-04,10473.0,460000.0
2019-04,10474.0,1000000.0
2019-04,10475.0,620000.0
2019-04,11001.0,695000.0
2019-04,11004.0,450000.0
2019-04,11005.0,420570.5
2019-04,11040.0,228000.0
2019-04,11101.0,1262777.5
2019-04,11102.0,631000.0
2019-04,11103.0,1482000.0
2019-04,11104.0,405000.0
2019-04,11105.0,1362500.0
2019-04,11106.0,557290.5
2019-04,11109.0,560000.0
2019-04,11201.0,1045000.0
2019-04,11203.0,538500.0
2019-04,11204.0,1031000.0
2019-04,11205.0,963760.0
2019-04,11206.0,726317.5
2019-04,11207.0,465000.0
2019-04,11208.0,542500.0
2019-04,11209.0,565000.0
2019-04,11210.0,805000.0
2019-04,11211.0,1175000.0
2019-04,11212.0,530497.0
2019-04,11213.0,960000.0
2019-04,11214.0,784210.5
2019-04,11215.0,29620207.0
2019-04,11216.0,1352502.0
2019-04,11217.0,1340400.0
2019-04,11218.0,842500.0
2019-04,11219.0,963486.5
2019-04,11220.0,834965.0
2019-04,11221.0,891000.0
2019-04,11222.0,1272813.0
2019-04,11223.0,812500.0
2019-04,11224.0,449000.0
2019-04,11225.0,500000.0
2019-04,11226.0,739000.0
2019-04,11228.0,1045000.0
2019-04,11229.0,710000.0
2019-04,11230.0,684000.0
2019-04,11231.0,1635000.0
2019-04,11232.0,1039500.0
2019-04,11233.0,820000.0
2019-04,11234.0,535000.0
2019-04,11235.0,353359.0
2019-04,11236.0,527500.0
2019-04,11237.0,1122000.0
2019-04,11238.0,1165000.0
2019-04,11239.0,21.0
2019-04,11249.0,1048595.5
2019-04,11354.0,400530.0
2019-04,11355.0,438000.0
2019-04,11356.0,835000.0
2019-04,11357.0,625000.0
2019-04,11358.0,870000.0
2019-04,11360.0,475000.0
2019-04,11361.0,555824.5
2019-04,11362.0,830000.0
2019-04,11363.0,800000.0
2019-04,11364.0,465000.0
2019-04,11365.0,529490.0
2019-04,11366.0,840000.0
2019-04,11367.0,250000.0
2019-04,11368.0,560038.0
2019-04,11369.0,725000.0
2019-04,11370.0,705000.0
2019-04,11372.0,410000.0
2019-04,11373.0,562000.0
2019-04,11374.0,428398.0
2019-04,11375.0,412000.0
2019-04,11377.0,550000.0
2019-04,11378.0,755000.0
2019-04,11379.0,750000.0
2019-04,11385.0,855000.0
2019-04,11411.0,527000.0
2019-04,11412.0,505000.0
2019-04,11413.0,457000.0
2019-04,11414.0,270000.0
2019-04,11415.0,309000.0
2019-04,11416.0,564999.5
2019-04,11417.0,610000.0
2019-04,11418.0,604000.0
2019-04,11419.0,685000.0
2019-04,11420.0,559019.0
2019-04,11421.0,580000.0
2019-04,11422.0,505000.0
2019-04,11423.0,660000.0
2019-04,11426.0,530000.0
2019-04,11427.0,218000.0
2019-04,11428.0,462500.0
2019-04,11429.0,508056.5
2019-04,11432.0,750000.0
2019-04,11433.0,444500.0
2019-04,11434.0,515000.0
2019-04,11435.0,259000.0
2019-04,11436.0,525000.0
2019-04,11691.0,33000000.0
2019-04,11692.0,360000.0
2019-04,11693.0,450000.0
2019-04,11694.0,550000.0
2019-04,11697.0,205000.0
2019-05,10001.0,4534063.0
2019-05,10002.0,1421664.0
2019-05,10003.0,2040903.0
2019-05,10004.0,10.0
2019-05,10005.0,1175000.0
2019-05,10006.0,830000.0
2019-05,10007.0,3966175.0
2019-05,10009.0,1007800.0
2019-05,10010.0,1750000.0
2019-05,10011.0,1095000.0
2019-05,10012.0,2200000.0
2019-05,10013.0,3879010.0
2019-05,10014.0,1260000.0
2019-05,10016.0,1092500.0
2019-05,10017.0,712450.0
2019-05,10018.0,4850000.0
2019-05,10019.0,1023250.0
2019-05,10021.0,917500.0
2019-05,10022.0,1135000.0
2019-05,10023.0,949000.0
2019-05,10024.0,1520000.0
2019-05,10025.0,1165000.0
2019-05,10026.0,792000.0
2019-05,10027.0,767500.0
2019-05,10028.0,1267500.0
2019-05,10029.0,1037500.0
2019-05,10030.0,2650000.0
2019-05,10031.0,474500.0
2019-05,10032.0,826282.0
2019-05,10033.0,649644.0
2019-05,10034.0,552500.0
2019-05,10035.0,1980000.0
2019-05,10036.0,1050000.0
2019-05,10037.0,317103.5
2019-05,10038.0,1410000.0
2019-05,10039.0,775000.0
2019-05,10040.0,569250.0
2019-05,10044.0,1380926.0
2019-05,10065.0,1635000.0
2019-05,10069.0,1670000.0
2019-05,10075.0,881250.0
2019-05,10128.0,1329343.0
2019-05,10280.0,735000.0
2019-05,10301.0,535000.0
2019-05,10302.0,467500.0
2019-05,10303.0,349950.0
2019-05,10304.0,560519.0
2019-05,10305.0,540000.0
2019-05,10306.0,547000.0
2019-05,10307.0,588145.0
2019-05,10308.0,623000.0
2019-05,10309.0,629000.0
2019-05,10310.0,492500.0
2019-05,10312.0,580000.0
2019-05,10314.0,595000.0
2019-05,10451.0,403325.0
2019-05,10452.0,185000.0
2019-05,10453.0,625000.0
2019-05,10454.0,715000.0
2019-05,10455.0,700000.0
2019-05,10456.0,515000.0
2019-05,10457.0,625000.0
2019-05,10458.0,482500.0
2019-05,10459.0,340000.0
2019-05,10460.0,231500.0
2019-05,10461.0,650000.0
2019-05,10462.0,180000.0
2019-05,10463.0,315000.0
2019-05,10464.0,390000.0
2019-05,10465.0,545000.0
2019-05,10466.0,508000.0
2019-05,10467.0,505000.0
2019-05,10468.0,695000.0
2019-05,10469.0,532500.0
2019-05,10470.0,410000.0
2019-05,10471.0,359209.0
2019-05,10472.0,650000.0
2019-05,10473.0,415000.0
2019-05,10474.0,2305000.0
2019-05,10475.0,420000.0
2019-05,11001.0,300000.0
2019-05,11004.0,329000.0
2019-05,11005.0,350814.0
2019-05,11040.0,493300.0
2019-05,11101.0,905000.0
2019-05,11102.0,765000.0
2019-05,11103.0,1140000.0
2019-05,11104.0,537500.0
2019-05,11105.0,1137500.0
2019-05,11106.0,720000.0
2019-05,11109.0,612500.0
2019-05,11201.0,940000.0
2019-05,11203.0,590585.0
2019-05,11204.0,763688.0
2019-05,11205.0,812500.0
2019-05,11206.0,1300000.0
2019-05,11207.0,701882.0
2019-05,11208.0,717000.0
2019-05,11209.0,459000.0
2019-05,11210.0,625239.5
2019-05,11211.0,1115000.0
2019-05,11212.0,375000.0
2019-05,11213.0,717500.0
2019-05,11214.0,675000.0
2019-05,11215.0,1191250.0
2019-05,11216.0,1300000.0
2019-05,11217.0,1527500.0
2019-05,11218.0,999000.0
2019-05,11219.0,1125000.0
2019-05,11220.0,927165.0
2019-05,11221.0,867500.0
2019-05,11222.0,1675021.0
2019-05,11223.0,947500.0
2019-05,11224.0,458750.0
2019-05,11225.0,1230000.0
2019-05,11226.0,757500.0
2019-05,11228.0,1245000.0
2019-05,11229.0,496000.0
2019-05,11230.0,674590.5
2019-05,11231.0,1440000.0
2019-05,11232.0,840000.0
2019-05,11233.0,880000.0
2019-05,11234.0,580000.0
2019-05,11235.0,687319.0
2019-05,11236.0,471664.0
2019-05,11237.0,1062500.0
2019-05,11238.0,1500000.0
2019-05,11239.0,545000.0
2019-05,11249.0,1480811.0
2019-05,11354.0,386773.0
2019-05,11355.0,661440.5
2019-05,11356.0,770000.0
2019-05,11357.0,897500.0
2019-05,11358.0,930000.0
2019-05,11360.0,540000.0
2019-05,11361.0,725000.0
2019-05,11362.0,495000.0
2019-05,11363.0,867000.0
2019-05,11364.0,324000.0
2019-05,11365.0,747500.0
2019-05,11366.0,907500.0
2019-05,11367.0,318000.0
2019-05,11368.0,940000.0
2019-05,11369.0,683225.5
2019-05,11370.0,762500.0
2019-05,11372.0,450000.0
2019-05,11373.0,525000.0
2019-05,11374.0,339500.0
2019-05,11375.0,380000.0
2019-05,11377.0,830000.0
2019-05,11378.0,806500.0
2019-05,11379.0,759500.0
2019-05,11385.0,735000.0
2019-05,11411.0,430000.0
2019-05,11412.0,480000.0
2019-05,11413.0,474475.0
2019-05,11414.0,290000.0
2019-05,11415.0,282000.0
2019-05,11416.0,733016.0
2019-05,11417.0,653500.0
2019-05,11418.0,493770.5
2019-05,11419.0,558250.0
2019-05,11420.0,510000.0
2019-05,11421.0,640000.0
2019-05,11422.0,565000.0
2019-05,11423.0,610000.0
2019-05,11426.0,627500.0
2019-05,11427.0,578000.0
2019-05,11428.0,595000.0
2019-05,11429.0,515000.0
2019-05,11430.0,902000.0
2019-05,11432.0,440000.0
2019-05,11433.0,482500.0
2019-05,11434.0,507000.0
2019-05,11435.0,539800.0
2019-05,11436.0,450000.0
2019-05,11691.0,520000.0
2019-05,11692.0,411500.0
2019-05,11693.0,260000.0
2019-05,11694.0,512000.0
2019-06,10001.0,3800000.0
2019-06,10002.0,1495515.5
2019-06,10003.0,2600000.0
2019-06,10004.0,1650000.0
2019-06,10005.0,1367500.0
2019-06,10006.0,306500.0
2019-06,10007.0,5666375.0
2019-06,10009.0,592000.0
2019-06,10010.0,2515000.0
2019-06,10011.0,1755000.0
2019-06,10012.0,3922000.0
2019-06,10013.0,4125000.0
2019-06,10014.0,2175000.0
2019-06,10016.0,1250000.0
2019-06,10017.0,647000.0
2019-06,10018.0,3100000.0
2019-06,10019.0,1100000.0
2019-06,10021.0,2200000.0
2019-06,10022.0,2100000.0
2019-06,10023.0,1737500.0
2019-06,10024.0,2295000.0
2019-06,10025.0,800000.0
2019-06,10026.0,276948.0
2019-06,10027.0,729000.0
2019-06,10028.0,2500000.0
2019-06,10029.0,1055000.0
2019-06,10030.0,9631964.0
2019-06,10031.0,804500.0
2019-06,10032.0,550000.0
2019-06,10033.0,515000.0
2019-06,10034.0,359900.0
2019-06,10035.0,749000.0
2019-06,10036.0,852000.0
2019-06,10037.0,311500.0
2019-06,10038.0,920000.0
2019-06,10039.0,9631964.0
2019-06,10040.0,450000.0
2019-06,10044.0,1310000.0
2019-06,10065.0,2520169.0
2019-06,10069.0,2195000.0
2019-06,10075.0,1600000.0
2019-06,10128.0,2300000.0
2019-06,10280.0,960000.0
2019-06,10282.0,1225000.0
2019-06,10301.0,565000.0
2019-06,10302.0,499999.0
2019-06,10303.0,341000.0
2019-06,10304.0,440000.0
2019-06,10305.0,525000.0
2019-06,10306.0,549855.0
2019-06,10307.0,575243.5
2019-06,10308.0,557000.0
2019-06,10309.0,555000.0
2019-06,10310.0,491500.0
2019-06,10312.0,595000.0
2019-06,10314.0,515000.0
2019-06,10451.0,507000.0
2019-06,10452.0,5617500.0
2019-06,10453.0,590000.0
2019-06,10454.0,225000.5
2019-06,10455.0,912500.0
2019-06,10456.0,310000.0
2019-06,10457.0,530000.0
2019-06,10458.0,515642.0
2019-06,10459.0,500000.0
2019-06,10460.0,585000.0
2019-06,10461.0,675000.0
2019-06,10462.0,259355.0
2019-06,10463.0,315000.0
2019-06,10464.0,504972.0
2019-06,10465.0,560000.0
2019-06,10466.0,465000.0
2019-06,10467.0,495000.0
2019-06,10468.0,525262.5
2019-06,10469.0,450000.0
2019-06,10470.0,530000.0
2019-06,10471.0,261000.0
2019-06,10472.0,450000.0
2019-06,10473.0,455000.0
2019-06,10474.0,36562500.0
2019-06,10475.0,550000.0
2019-06,11001.0,767500.0
2019-06,11004.0,573000.0
2019-06,11005.0,290000.0
2019-06,11040.0,614000.0
2019-06,11101.0,1100000.0
2019-06,11102.0,875000.0
2019-06,11103.0,1560000.0
2019-06,11104.0,464194.0
2019-06,11105.0,943500.0
2019-06,11106.0,1132500.0
2019-06,11109.0,530000.0
2019-06,11201.0,2200000.0
2019-06,11203.0,655000.0
2019-06,11204.0,990000.0
2019-06,11205.0,862500.0
2019-06,11206.0,775000.0
2019-06,11207.0,627500.0
2019-06,11208.0,575000.0
2019-06,11209.0,545000.0
2019-06,11210.0,830000.0
2019-06,11211.0,1218480.0
2019-06,11212.0,11400993.0
2019-06,11213.0,950000.0
2019-06,11214.0,797844.0
2019-06,11215.0,1500000.0
2019-06,11216.0,884500.0
2019-06,11217.0,1125000.0
2019-06,11218.0,1037500.0
2019-06,11219.0,1500000.0
2019-06,11220.0,992500.0
2019-06,11221.0,1246041.0
2019-06,11222.0,1295000.0
2019-06,11223.0,812500.0
2019-06,11224.0,390000.0
2019-06,11225.0,1070000.0
2019-06,11226.0,794435.0
2019-06,11228.0,990000.0
2019-06,11229.0,700000.0
2019-06,11230.0,724344.0
2019-06,11231.0,2345987.5
2019-06,11232.0,995000.0
2019-06,11233.0,1015000.0
2019-06,11234.0,639831.5
2019-06,11235.0,540000.0
2019-06,11236.0,543500.0
2019-06,11237.0,960000.0
2019-06,11238.0,1072500.0
2019-06,11239.0,547180.0
2019-06,11249.0,1222000.0
2019-06,11354.0,821800.0
2019-06,11355.0,581500.0
2019-06,11356.0,750000.0
2019-06,11357.0,825000.0
2019-06,11358.0,967500.0
2019-06,11360.0,566000.0
2019-06,11361.0,700000.0
2019-06,11362.0,558000.0
2019-06,11363.0,480000.0
2019-06,11364.0,339500.0
2019-06,11365.0,834000.0
2019-06,11366.0,701250.0
2019-06,11367.0,475000.0
2019-06,11368.0,950000.0
2019-06,11369.0,637500.0
2019-06,11370.0,830000.0
2019-06,11372.0,495000.0
2019-06,11373.0,357500.0
2019-06,11374.0,385000.0
2019-06,11375.0,462500.0
2019-06,11377.0,600000.0
2019-06,11378.0,735000.0
2019-06,11379.0,749500.0
2019-06,11385.0,700000.0
2019-06,11411.0,555000.0
2019-06,11412.0,525000.0
2019-06,11413.0,485656.0
2019-06,11414.0,370500.0
2019-06,11415.0,319917.0
2019-06,11416.0,578500.0
2019-06,11417.0,598500.0
2019-06,11418.0,625000.0
2019-06,11419.0,627500.0
2019-06,11420.0,592500.0
2019-06,11421.0,640000.0
2019-06,11422.0,522500.0
2019-06,11423.0,499000.0
2019-06,11426.0,637500.0
2019-06,11427.0,640000.0
2019-06,11428.0,619000.0
2019-06,11429.0,428750.0
2019-06,11432.0,925000.0
2019-06,11433.0,412000.0
2019-06,11434.0,540000.0
2019-06,11435.0,455000.0
2019-06,11436.0,487500.0
2019-06,11691.0,417000.0
2019-06,11692.0,454065.0
2019-06,11693.0,262071.0
2019-06,11694.0,485000.0
2019-06,11697.0,305000.0
2019-07,10001.0,5008871.5
2019-07,10002.0,1429550.0
2019-07,10003.0,1395000.0
2019-07,10004.0,606000.0
2019-07,10005.0,800000.0
2019-07,10006.0,1455000.0
2019-07,10007.0,2312500.0
2019-07,10009.0,1254500.0
2019-07,10010.0,1577026.5
2019-07,10011.0,1182500.0
2019-07,10012.0,1295000.0
2019-07,10013.0,2965000.0
2019-07,10014.0,1500000.0
2019-07,10016.0,777500.0
2019-07,10017.0,878250.0
2019-07,10018.0,3972500.0
2019-07,10019.0,812500.0
2019-07,10021.0,922500.0
2019-07,10022.0,1075000.0
2019-07,10023.0,905000.0
2019-07,10024.0,985000.0
2019-07,10025.0,964500.0
2019-07,10026.0,680000.0
2019-07,10027.0,800000.0
2019-07,10028.0,874750.0
2019-07,10029.0,800000.0
2019-07,10030.0,893728.0
2019-07,10031.0,542520.0
2019-07,10032.0,530000.0
2019-07,10033.0,850005.0
2019-07,10034.0,415000.0
2019-07,10035.0,586500.0
2019-07,10036.0,1070000.0
2019-07,10037.0,370000.0
2019-07,10038.0,900000.0
2019-07,10039.0,185000.0
2019-07,10040.0,572000.0
2019-07,10044.0,940000.0
2019-07,10065.0,934250.0
2019-07,10069.0,940000.0
2019-07,10075.0,843500.0
2019-07,10128.0,1237500.0
2019-07,10280.0,937000.0
2019-07,10282.0,1972500.0
2019-07,10301.0,415000.0
2019-07,10302.0,450000.0
2019-07,10303.0,375239.0
2019-07,10304.0,540600.0
2019-07,10305.0,517000.0
2019-07,10306.0,557500.0
2019-07,10307.0,889500.0
2019-07,10308.0,550000.0
2019-07,10309.0,644500.0
2019-07,10310.0,622573.0
2019-07,10312.0,575000.0
2019-07,10314.0,520500.0
2019-07,10451.0,435000.0
2019-07,10452.0,734750.0
2019-07,10453.0,572500.0
2019-07,10454.0,485000.0
2019-07,10455.0,720000.0
2019-07,10456.0,475000.0
2019-07,10457.0,529250.0
2019-07,10458.0,455000.0
2019-07,10459.0,575000.0
2019-07,10460.0,484475.0
2019-07,10461.0,510000.0
2019-07,10462.0,200000.0
2019-07,10463.0,290500.0
2019-07,10464.0,311237.0
2019-07,10465.0,525000.0
2019-07,10466.0,480000.0
2019-07,10467.0,217750.0
2019-07,10468.0,268750.0
2019-07,10469.0,485000.0
2019-07,10470.0,560000.0
2019-07,10471.0,355000.0
2019-07,10472.0,585000.0
2019-07,10473.0,510000.0
2019-07,10474.0,679500.0
2019-07,10475.0,541000.0
2019-07,11001.0,715000.0
2019-07,11004.0,485000.0
2019-07,11005.0,335000.0
2019-07,11040.0,225000.0
2019-07,11101.0,1015000.0
2019-07,11102.0,703500.0
2019-07,11103.0,815241.0
2019-07,11104.0,1125000.0
2019-07,11105.0,1075000.0
2019-07,11106.0,715500.0
2019-07,11109.0,611250.0
2019-07,11201.0,1150000.0
2019-07,11203.0,600000.0
2019-07,11204.0,997000.0
2019-07,11205.0,1195000.0
2019-07,11206.0,735991.0
2019-07,11207.0,612374.5
2019-07,11208.0,476580.0
2019-07,11209.0,784000.0
2019-07,11210.0,715500.0
2019-07,11211.0,999000.0
2019-07,11212.0,730000.0
2019-07,11213.0,1000000.0
2019-07,11214.0,916425.0
2019-07,11215.0,1325000.0
2019-07,11216.0,1073000.0
2019-07,11217.0,1560000.0
2019-07,11218.0,900000.0
2019-07,11219.0,1360000.0
2019-07,11220.0,982500.0
2019-07,11221.0,891324.0
2019-07,11222.0,1654656.0
2019-07,11223.0,892500.0
2019-07,11224.0,565000.0
2019-07,11225.0,806844.0
2019-07,11226.0,694750.0
2019-07,11228.0,1050000.0
2019-07,11229.0,508430.0
2019-07,11230.0,659360.0
2019-07,11231.0,1578288.0
2019-07,11232.0,636062.5
2019-07,11233.0,850050.0
2019-07,11234.0,675000.0
2019-07,11235.0,440000.0
2019-07,11236.0,575500.0
2019-07,11237.0,1137500.0
2019-07,11238.0,1237500.0
2019-07,11239.0,641441.0
2019-07,11249.0,1225000.0
2019-07,11354.0,580000.0
2019-07,11355.0,625657.5
2019-07,11356.0,712775.0
2019-07,11357.0,854000.0
2019-07,11358.0,900000.0
2019-07,11360.0,560000.0
2019-07,11361.0,825000.0
2019-07,11362.0,771500.0
2019-07,11363.0,903000.0
2019-07,11364.0,378000.0
2019-07,11365.0,830000.0
2019-07,11366.0,737474.0
2019-07,11367.0,260000.0
2019-07,11368.0,748000.0
2019-07,11369.0,780778.0
2019-07,11370.0,805250.0
2019-07,11372.0,398502.0
2019-07,11373.0,483719.0
2019-07,11374.0,410000.0
2019-07,11375.0,484999.5
2019-07,11377.0,675000.0
2019-07,11378.0,846500.0
2019-07,11379.0,840000.0
2019-07,11385.0,860000.0
2019-07,11411.0,482000.0
2019-07,11412.0,507500.0
2019-07,11413.0,489999.5
2019-07,11414.0,325000.0
2019-07,11415.0,295000.0
2019-07,11416.0,650000.0
2019-07,11417.0,595000.0
2019-07,11418.0,555000.0
2019-07,11419.0,586000.0
2019-07,11420.0,530000.0
2019-07,11421.0,569450.0
2019-07,11422.0,520000.0
2019-07,11423.0,575000.0
2019-07,11426.0,536000.0
2019-07,11427.0,658000.0
2019-07,11428.0,600000.0
2019-07,11429.0,552500.0
2019-07,11432.0,250000.0
2019-07,11433.0,535000.0
2019-07,11434.0,524280.0
2019-07,11435.0,410000.0
2019-07,11436.0,420000.0
2019-07,11691.0,478950.0
2019-07,11692.0,464304.0
2019-07,11693.0,300000.0
2019-07,11694.0,700000.0
2019-07,11697.0,425000.0
2019-08,10001.0,4974250.0
2019-08,10002.0,1606811.0
2019-08,10003.0,1400000.0
2019-08,10004.0,1620000.0
2019-08,10005.0,998888.0
2019-08,10006.0,870000.0
2019-08,10007.0,1740000.0
2019-08,10009.0,960000.0
2019-08,10010.0,1465000.0
2019-08,10011.0,967500.0
2019-08,10012.0,1564344.0
2019-08,10013.0,2688812.0
2019-08,10014.0,1417500.0
2019-08,10016.0,841000.0
2019-08,10017.0,717500.0
2019-08,10018.0,3325000.0
2019-08,10019.0,720750.0
2019-08,10021.0,1050000.0
2019-08,10022.0,895000.0
2019-08,10023.0,915000.0
2019-08,10024.0,1275000.0
2019-08,10025.0,1260000.0
2019-08,10026.0,995000.0
2019-08,10027.0,927500.0
2019-08,10028.0,987500.0
2019-08,10029.0,703000.0
2019-08,10030.0,318000.0
2019-08,10031.0,715000.0
2019-08,10032.0,385800.0
2019-08,10033.0,538750.0
2019-08,10034.0,247000.0
2019-08,10035.0,875000.0
2019-08,10036.0,1280000.0
2019-08,10037.0,385000.0
2019-08,10038.0,827500.0
2019-08,10039.0,744000.0
2019-08,10040.0,418000.0
2019-08,10044.0,875000.0
2019-08,10065.0,1375000.0
2019-08,10069.0,2175983.5
2019-08,10075.0,1290000.0
2019-08,10128.0,1750000.0
2019-08,10280.0,647500.0
2019-08,10301.0,545000.0
2019-08,10302.0,447200.0
2019-08,10303.0,400000.0
2019-08,10304.0,510000.0
2019-08,10305.0,565000.0
2019-08,10306.0,570000.0
2019-08,10307.0,677500.0
2019-08,10308.0,592500.0
2019-08,10309.0,622500.0
2019-08,10310.0,527500.0
2019-08,10312.0,554500.0
2019-08,10314.0,565000.0
2019-08,10451.0,556827.0
2019-08,10452.0,360272.5
2019-08,10453.0,600000.0
2019-08,10454.0,777839.0
2019-08,10455.0,730000.0
2019-08,10456.0,13971105.0
2019-08,10457.0,900000.0
2019-08,10458.0,490000.0
2019-08,10459.0,607500.0
2019-08,10460.0,174000.0
2019-08,10461.0,538000.0
2019-08,10462.0,200000.0
2019-08,10463.0,320000.0
2019-08,10464.0,504990.0
2019-08,10465.0,510000.0
2019-08,10466.0,450000.0
2019-08,10467.0,484367.5
2019-08,10468.0,219500.0
2019-08,10469.0,555000.0
2019-08,10470.0,440577.0
2019-08,10471.0,289650.0
2019-08,10472.0,750000.0
2019-08,10473.0,475000.0
2019-08,10474.0,7325000.0
2019-08,10475.0,432500.0
2019-08,11001.0,650000.0
2019-08,11004.0,580000.0
2019-08,11005.0,532500.0
2019-08,11040.0,488203.0
2019-08,11101.0,1174134.0
2019-08,11102.0,930000.0
2019-08,11103.0,941000.0
2019-08,11104.0,1050000.0
2019-08,11105.0,1429000.0
2019-08,11106.0,995000.0
2019-08,11109.0,611500.0
2019-08,11201.0,1175000.0
2019-08,11203.0,625000.0
2019-08,11204.0,1250000.0
2019-08,11205.0,854754.5
2019-08,11206.0,725000.0
2019-08,11207.0,510000.0
2019-08,11208.0,652500.0
2019-08,11209.0,750000.0
2019-08,11210.0,750000.0
2019-08,11211.0,1233619.5
2019-08,11212.0,810000.0
2019-08,11213.0,762500.0
2019-08,11214.0,730000.0
2019-08,11215.0,1492500.0
2019-08,11216.0,992000.0
2019-08,11217.0,1625000.0
2019-08,11218.0,876000.0
2019-08,11219.0,995000.0
2019-08,11220.0,895000.0
2019-08,11221.0,850000.0
2019-08,11222.0,1275000.0
2019-08,11223.0,795000.0
2019-08,11224.0,650000.0
2019-08,11225.0,800000.0
2019-08,11226.0,720000.0
2019-08,11228.0,950000.0
2019-08,11229.0,549855.0
2019-08,11230.0,990000.0
2019-08,11231.0,1680000.0
2019-08,11232.0,634000.0
2019-08,11233.0,820000.0
2019-08,11234.0,675000.0
2019-08,11235.0,462500.0
2019-08,11236.0,540000.0
2019-08,11237.0,1050000.0
2019-08,11238.0,875000.0
2019-08,11239.0,641431.0
2019-08,11249.0,1400000.0
2019-08,11354.0,625000.0
2019-08,11355.0,659913.0
2019-08,11356.0,707500.0
2019-08,11357.0,864215.0
2019-08,11358.0,900000.0
2019-08,11360.0,564000.0
2019-08,11361.0,870000.0
2019-08,11362.0,328500.0
2019-08,11363.0,1242500.0
2019-08,11364.0,344500.0
2019-08,11365.0,910000.0
2019-08,11366.0,905000.0
2019-08,11367.0,420000.0
2019-08,11368.0,834000.0
2019-08,11369.0,560000.0
2019-08,11370.0,692500.0
2019-08,11372.0,440000.0
2019-08,11373.0,596500.0
2019-08,11374.0,350500.0
2019-08,11375.0,564500.0
2019-08,11377.0,835000.0
2019-08,11378.0,775000.0
2019-08,11379.0,815000.0
2019-08,11385.0,918000.0
2019-08,11411.0,515000.0
2019-08,11412.0,520000.0
2019-08,11413.0,530000.0
2019-08,11414.0,355000.0
2019-08,11415.0,270000.0
2019-08,11416.0,755000.0
2019-08,11417.0,620000.0
2019-08,11418.0,670000.0
2019-08,11419.0,625000.0
2019-08,11420.0,527650.0
2019-08,11421.0,630000.0
2019-08,11422.0,570000.0
2019-08,11423.0,672500.0
2019-08,11426.0,553000.0
2019-08,11427.0,650000.0
2019-08,11428.0,573750.0
2019-08,11429.0,547500.0
2019-08,11432.0,290000.0
2019-08,11433.0,430000.0
2019-08,11434.0,503500.0
2019-08,11435.0,410000.0
2019-08,11436.0,476500.0
2019-08,11691.0,500000.0
2019-08,11692.0,1700000.0
2019-08,11693.0,357000.0
2019-08,11694.0,650000.0
2019-08,11697.0,450000.0
2019-09,10001.0,6100000.0
2019-09,10002.0,1192513.0
2019-09,10003.0,1282000.0
2019-09,10004.0,1347500.0
2019-09,10005.0,1715000.0
2019-09,10006.0,2900000.0
2019-09,10007.0,2727500.0
2019-09,10009.0,810000.0
2019-09,10010.0,1433660.0
2019-09,10011.0,1275000.0
2019-09,10012.0,1385000.0
2019-09,10013.0,2497532.0
2019-09,10014.0,899000.0
2019-09,10016.0,782500.0
2019-09,10017.0,825000.0
2019-09,10018.0,8500000.0
2019-09,10019.0,750000.0
2019-09,10021.0,1125000.0
2019-09,10022.0,890000.0
2019-09,10023.0,1050000.0
2019-09,10024.0,1257500.0
2019-09,10025.0,935000.0
2019-09,10026.0,810000.0
2019-09,10027.0,675000.0
2019-09,10028.0,1014000.0
2019-09,10029.0,800000.0
2019-09,10030.0,999000.0
2019-09,10031.0,905000.0
2019-09,10032.0,520000.0
2019-09,10033.0,587500.0
2019-09,10034.0,399000.0
2019-09,10035.0,860000.0
2019-09,10036.0,1025000.0
2019-09,10037.0,464881.0
2019-09,10038.0,270000000.0
2019-09,10039.0,158000.0
2019-09,10040.0,512500.0
2019-09,10044.0,1200000.0
2019-09,10065.0,900000.0
2019-09,10069.0,2647500.0
2019-09,10075.0,816150.0
2019-09,10128.0,977500.0
2019-09,10280.0,850000.0
2019-09,10282.0,1910000.0
2019-09,10301.0,475000.0
2019-09,10302.0,450000.0
2019-09,10303.0,427500.0
2019-09,10304.0,650000.0
2019-09,10305.0,560000.0
2019-09,10306.0,535000.0
2019-09,10307.0,630000.0
2019-09,10308.0,560000.0
2019-09,10309.0,721000.0
2019-09,10310.0,500000.0
2019-09,10312.0,564000.0
2019-09,10314.0,540000.0
2019-09,10451.0,307000.0
2019-09,10452.0,220000.0
2019-09,10453.0,680000.0
2019-09,10454.0,593000.0
2019-09,10455.0,700000.0
2019-09,10456.0,297500.0
2019-09,10457.0,605000.0
2019-09,10458.0,255000.0
2019-09,10459.0,565000.0
2019-09,10460.0,511000.0
2019-09,10461.0,580000.0
2019-09,10462.0,230000.0
2019-09,10463.0,405155.5
2019-09,10464.0,520000.0
2019-09,10465.0,530000.0
2019-09,10466.0,485000.0
2019-09,10467.0,455000.0
2019-09,10468.0,215000.0
2019-09,10469.0,489000.0
2019-09,10470.0,450000.0
2019-09,10471.0,308750.0
2019-09,10472.0,667500.0
2019-09,10473.0,453000.0
2019-09,10474.0,525000.0
2019-09,10475.0,200000.0
2019-09,11001.0,650000.0
2019-09,11004.0,452500.0
2019-09,11005.0,337500.0
2019-09,11040.0,564023.5
2019-09,11101.0,1310000.0
2019-09,11102.0,750000.0
2019-09,11103.0,1450000.0
2019-09,11104.0,405600.0
2019-09,11105.0,1049500.0
2019-09,11106.0,1210000.0
2019-09,11109.0,475000.0
2019-09,11201.0,1125000.0
2019-09,11203.0,570000.0
2019-09,11204.0,1010000.0
2019-09,11205.0,827500.0
2019-09,11206.0,890154.0
2019-09,11207.0,615000.0
2019-09,11208.0,565000.0
2019-09,11209.0,842500.0
2019-09,11210.0,650000.0
2019-09,11211.0,1199000.0
2019-09,11212.0,550000.0
2019-09,11213.0,998000.0
2019-09,11214.0,882000.0
2019-09,11215.0,1152500.0
2019-09,11216.0,1450000.0
2019-09,11217.0,876000.0
2019-09,11218.0,642500.0
2019-09,11219.0,995000.0
2019-09,11220.0,1170000.0
2019-09,11221.0,650000.0
2019-09,11222.0,1212500.0
2019-09,11223.0,838000.0
2019-09,11224.0,435000.0
2019-09,11225.0,1117500.0
2019-09,11226.0,752500.0
2019-09,11228.0,1040000.0
2019-09,11229.0,750000.0
2019-09,11230.0,721359.0
2019-09,11231.0,1855000.0
2019-09,11232.0,1330000.0
2019-09,11233.0,979000.0
2019-09,11234.0,641500.0
2019-09,11235.0,687000.0
2019-09,11236.0,588500.0
2019-09,11237.0,1130888.5
2019-09,11238.0,794000.0
2019-09,11239.0,547180.0
2019-09,11249.0,917500.0
2019-09,11354.0,890000.0
2019-09,11355.0,520000.0
2019-09,11356.0,747000.0
2019-09,11357.0,713000.0
2019-09,11358.0,840000.0
2019-09,11360.0,570000.0
2019-09,11361.0,834000.0
2019-09,11362.0,330000.0
2019-09,11363.0,1100000.0
2019-09,11364.0,402500.0
2019-09,11365.0,880000.0
2019-09,11366.0,945000.0
2019-09,11367.0,390000.0
2019-09,11368.0,490000.0
2019-09,11369.0,712264.5
2019-09,11370.0,775000.0
2019-09,11372.0,405000.0
2019-09,11373.0,1067450.0
2019-09,11374.0,342000.0
2019-09,11375.0,488537.0
2019-09,11377.0,785937.0
2019-09,11378.0,833000.0
2019-09,11379.0,676000.0
2019-09,11385.0,757500.0
2019-09,11411.0,598142.0
2019-09,11412.0,525000.0
2019-09,11413.0,498200.0
2019-09,11414.0,600000.0
2019-09,11415.0,325000.0
2019-09,11416.0,622500.0
2019-09,11417.0,685000.0
2019-09,11418.0,472500.0
2019-09,11419.0,590000.0
2019-09,11420.0,548000.0
2019-09,11421.0,565720.0
2019-09,11422.0,520000.0
2019-09,11423.0,707500.0
2019-09,11426.0,531500.0
2019-09,11427.0,622500.0
2019-09,11428.0,545000.0
2019-09,11429.0,551500.0
2019-09,11432.0,580000.0
2019-09,11433.0,530000.0
2019-09,11434.0,487500.0
2019-09,11435.0,350000.0
2019-09,11436.0,471250.0
2019-09,11691.0,593000.0
2019-09,11692.0,575000.0
2019-09,11693.0,320000.0
2019-09,11694.0,748750.0
2019-10,10001.0,4637788.0
2019-10,10002.0,1285854.0
2019-10,10003.0,955000.0
2019-10,10004.0,74962500.0
2019-10,10005.0,1312500.0
2019-10,10006.0,1360000.0
2019-10,10007.0,4375000.0
2019-10,10009.0,465000.0
2019-10,10010.0,1382223.5
2019-10,10011.0,928625.0
2019-10,10012.0,2475000.0
2019-10,10013.0,4999900.0
2019-10,10014.0,1499458.0
2019-10,10016.0,810000.0
2019-10,10017.0,563500.0
2019-10,10018.0,1838000.0
2019-10,10019.0,700000.0
2019-10,10021.0,975000.0
2019-10,10022.0,1455959.5
2019-10,10023.0,971123.0
2019-10,10024.0,1142500.0
2019-10,10025.0,907500.0
2019-10,10026.0,825000.0
2019-10,10027.0,757500.0
2019-10,10028.0,1030000.0
2019-10,10029.0,1872500.0
2019-10,10030.0,365000.0
2019-10,10031.0,875000.0
2019-10,10032.0,310000.0
2019-10,10033.0,445769.0
2019-10,10034.0,405000.0
2019-10,10035.0,1625000.0
2019-10,10036.0,965000.0
2019-10,10037.0,533786.0
2019-10,10038.0,999000.0
2019-10,10039.0,399000.0
2019-10,10040.0,587500.0
2019-10,10044.0,1180000.0
2019-10,10065.0,1125000.0
2019-10,10069.0,1662500.0
2019-10,10075.0,1250000.0
2019-10,10128.0,987703.0
2019-10,10280.0,962500.0
2019-10,10282.0,2850000.0
2019-10,10301.0,284375.0
2019-10,10302.0,460000.0
2019-10,10303.0,428000.0
2019-10,10304.0,632000.0
2019-10,10305.0,509500.0
2019-10,10306.0,608250.0
2019-10,10307.0,504000.0
2019-10,10308.0,545000.0
2019-10,10309.0,605000.0
2019-10,10310.0,582500.0
2019-10,10312.0,540500.0
2019-10,10314.0,590000.0
2019-10,10451.0,415000.0
2019-10,10452.0,135000.0
2019-10,10453.0,560000.0
2019-10,10454.0,8242381.0
2019-10,10455.0,710000.0
2019-10,10456.0,3185000.0
2019-10,10457.0,695000.0
2019-10,10458.0,843196.0
2019-10,10459.0,412000.0
2019-10,10460.0,595000.0
2019-10,10461.0,707000.0
2019-10,10462.0,215000.0
2019-10,10463.0,278000.0
2019-10,10464.0,730000.0
2019-10,10465.0,525000.0
2019-10,10466.0,499999.0
2019-10,10467.0,500000.0
2019-10,10468.0,958554.0
2019-10,10469.0,564137.5
2019-10,10470.0,472500.0
2019-10,10471.0,422000.0
2019-10,10472.0,792500.0
2019-10,10473.0,490000.0
2019-10,10474.0,700000.0
2019-10,11001.0,700000.0
2019-10,11004.0,375000.0
2019-10,11005.0,675000.0
2019-10,11040.0,1320000.0
2019-10,11101.0,924656.5
2019-10,11102.0,1475000.0
2019-10,11103.0,1040000.0
2019-10,11104.0,861670.5
2019-10,11105.0,990000.0
2019-10,11106.0,680000.0
2019-10,11201.0,925000.0
2019-10,11203.0,650000.0
2019-10,11204.0,1085000.0
2019-10,11205.0,900000.0
2019-10,11206.0,836085.0
2019-10,11207.0,750000.0
2019-10,11208.0,560000.0
2019-10,11209.0,838500.0
2019-10,11210.0,740000.0
2019-10,11211.0,871750.0
2019-10,11212.0,600000.0
2019-10,11213.0,810000.0
2019-10,11214.0,980000.0
2019-10,11215.0,1530000.0
2019-10,11216.0,1193750.0
2019-10,11217.0,1052000.0
2019-10,11218.0,899000.0
2019-10,11219.0,1115000.0
2019-10,11220.0,1050000.0
2019-10,11221.0,998897.0
2019-10,11222.0,1700000.0
2019-10,11223.0,730000.0
2019-10,11224.0,740000.0
2019-10,11225.0,877500.0
2019-10,11226.0,669000.0
2019-10,11228.0,990000.0
2019-10,11229.0,712570.0
2019-10,11230.0,712929.5
2019-10,11231.0,1276250.0
2019-10,11232.0,1100000.0
2019-10,11233.0,892500.0
2019-10,11234.0,670000.0
2019-10,11235.0,565000.0
2019-10,11236.0,570000.0
2019-10,11237.0,900000.0
2019-10,11238.0,965000.0
2019-10,11249.0,1087500.0
2019-10,11354.0,590000.0
2019-10,11355.0,939900.0
2019-10,11356.0,929750.0
2019-10,11357.0,711500.0
2019-10,11358.0,985000.0
2019-10,11360.0,659000.0
2019-10,11361.0,710000.0
2019-10,11362.0,400000.0
2019-10,11363.0,676000.0
2019-10,11364.0,510110.0
2019-10,11365.0,850000.0
2019-10,11366.0,770000.0
2019-10,11367.0,390000.0
2019-10,11368.0,750000.0
2019-10,11369.0,695000.0
2019-10,11370.0,870000.0
2019-10,11372.0,457500.0
2019-10,11373.0,360000.0
2019-10,11374.0,410000.0
2019-10,11375.0,440000.0
2019-10,11377.0,730000.0
2019-10,11378.0,762500.0
2019-10,11379.0,817500.0
2019-10,11385.0,999000.0
2019-10,11411.0,494500.0
2019-10,11412.0,525000.0
2019-10,11413.0,569500.0
2019-10,11414.0,333500.0
2019-10,11415.0,325000.0
2019-10,11416.0,750000.0
2019-10,11417.0,607500.0
2019-10,11418.0,530000.0
2019-10,11419.0,645000.0
2019-10,11420.0,583750.0
2019-10,11421.0,620000.0
2019-10,11422.0,600000.0
2019-10,11423.0,660000.0
2019-10,11426.0,652000.0
2019-10,11427.0,763000.0
2019-10,11428.0,616500.0
2019-10,11429.0,505000.0
2019-10,11432.0,975000.0
2019-10,11433.0,600000.0
2019-10,11434.0,533500.0
2019-10,11435.0,250000.0
2019-10,11436.0,500000.0
2019-10,11691.0,505000.0
2019-10,11692.0,441075.0
2019-10,11693.0,351680.0
2019-10,11694.0,750000.0
2019-10,11697.0,362500.0
